year,month,month_year,day_of_week,total_revenue,total_transactions,avg_transaction
2011,5,2011-05,Friday,11983,187,64.08021390374331
2011,5,2011-05,Monday,17312,257,67.36186770428016
2011,5,2011-05,Saturday,12151,177,68.64971751412429
2011,5,2011-05,Sunday,12804,190,67.38947368421053
2011,5,2011-05,Thursday,12958,188,68.92553191489361
2011,5,2011-05,Tuesday,19717,298,66.16442953020135
2011,5,2011-05,Wednesday,11976,187,64.0427807486631
2011,6,2011-06,Friday,23952,374,64.0427807486631
2011,6,2011-06,Monday,22501,353,63.742209631728045
2011,6,2011-06,Saturday,21802,341,63.935483870967744
2011,6,2011-06,Sunday,24219,370,65.45675675675676
2011,6,2011-06,Thursday,29942,461,64.95010845986985
2011,6,2011-06,Tuesday,21615,334,64.71556886227545
2011,6,2011-06,Wednesday,30496,474,64.33755274261604
2011,7,2011-07,Friday,27409,418,65.57177033492823
2011,7,2011-07,Monday,22734,351,64.76923076923077
2011,7,2011-07,Saturday,29605,468,63.25854700854701
2011,7,2011-07,Sunday,28005,416,67.31971153846153
2011,7,2011-07,Thursday,23880,358,66.70391061452514
2011,7,2011-07,Tuesday,25671,392,65.48724489795919
2011,7,2011-07,Wednesday,20734,322,64.3913043478261
2011,8,2011-08,Friday,24287,377,64.42175066312997
2011,8,2011-08,Monday,31386,483,64.98136645962732
2011,8,2011-08,Saturday,24238,371,65.33153638814017
2011,8,2011-08,Sunday,24073,379,63.517150395778366
2011,8,2011-08,Thursday,24343,378,64.3994708994709
2011,8,2011-08,Tuesday,28773,446,64.51345291479821
2011,8,2011-08,Wednesday,31505,479,65.77244258872652
2011,9,2011-09,Friday,28400,432,65.74074074074075
2011,9,2011-09,Monday,22809,344,66.30523255813954
2011,9,2011-09,Saturday,20273,314,64.56369426751593
2011,9,2011-09,Sunday,23965,374,64.07754010695187
2011,9,2011-09,Thursday,29582,463,63.892008639308855
2011,9,2011-09,Tuesday,22904,358,63.977653631284916
2011,9,2011-09,Wednesday,21240,320,66.375
2011,10,2011-10,Friday,23669,361,65.56509695290859
2011,10,2011-10,Monday,26269,406,64.70197044334975
2011,10,2011-10,Saturday,30766,489,62.9161554192229
2011,10,2011-10,Sunday,28449,443,64.21896162528216
2011,10,2011-10,Thursday,24458,372,65.74731182795699
2011,10,2011-10,Tuesday,25052,400,62.63
2011,10,2011-10,Wednesday,23902,366,65.30601092896175
2011,11,2011-11,Friday,18938,294,64.41496598639456
2011,11,2011-11,Monday,21728,332,65.44578313253012
2011,11,2011-11,Saturday,23262,357,65.15966386554622
2011,11,2011-11,Sunday,23107,355,65.09014084507042
2011,11,2011-11,Thursday,20662,322,64.16770186335404
2011,11,2011-11,Tuesday,27642,428,64.58411214953271
2011,11,2011-11,Wednesday,31491,480,65.60625
2011,12,2011-12,Friday,28566,443,64.48306997742664
2011,12,2011-12,Monday,24134,375,64.35733333333333
2011,12,2011-12,Saturday,27664,437,63.30434782608695
2011,12,2011-12,Sunday,23303,364,64.01923076923077
2011,12,2011-12,Thursday,28218,435,64.86896551724138
2011,12,2011-12,Tuesday,25238,387,65.21447028423772
2011,12,2011-12,Wednesday,24203,370,65.41351351351351
2012,1,2012-01,Friday,24259,375,64.69066666666667
2012,1,2012-01,Monday,27386,427,64.13583138173303
2012,1,2012-01,Saturday,22778,348,65.45402298850574
2012,1,2012-01,Sunday,27145,420,64.63095238095238
2012,1,2012-01,Thursday,23235,359,64.72144846796657
2012,1,2012-01,Tuesday,29245,445,65.71910112359551
2012,1,2012-01,Wednesday,23921,362,66.08011049723757
2012,2,2012-02,Friday,21922,340,64.47647058823529
2012,2,2012-02,Monday,26676,409,65.22249388753056
2012,2,2012-02,Saturday,23870,369,64.68834688346884
2012,2,2012-02,Sunday,21309,335,63.6089552238806
2012,2,2012-02,Thursday,24173,365,66.22739726027397
2012,2,2012-02,Tuesday,23637,363,65.11570247933884
2012,2,2012-02,Wednesday,28548,438,65.17808219178082
2012,3,2012-03,Friday,27225,404,67.38861386138613
2012,3,2012-03,Monday,22281,334,66.70958083832335
2012,3,2012-03,Saturday,32662,498,65.5863453815261
2012,3,2012-03,Sunday,21390,335,63.850746268656714
2012,3,2012-03,Thursday,28273,432,65.44675925925925
2012,3,2012-03,Tuesday,25783,391,65.94117647058823
2012,3,2012-03,Wednesday,22839,349,65.44126074498567
2012,4,2012-04,Friday,23612,372,63.473118279569896
2012,4,2012-04,Monday,30338,465,65.24301075268818
2012,4,2012-04,Saturday,21704,337,64.40356083086053
2012,4,2012-04,Sunday,25130,399,62.98245614035088
2012,4,2012-04,Thursday,23000,346,66.47398843930635
2012,4,2012-04,Tuesday,23064,365,63.18904109589041
2012,4,2012-04,Wednesday,21107,328,64.35060975609755
2012,5,2012-05,Friday,23364,358,65.26256983240224
2012,5,2012-05,Monday,22244,341,65.2316715542522
2012,5,2012-05,Saturday,24232,368,65.84782608695652
2012,5,2012-05,Sunday,23828,368,64.75
2012,5,2012-05,Thursday,30081,457,65.82275711159737
2012,5,2012-05,Tuesday,25575,393,65.07633587786259
2012,5,2012-05,Wednesday,29556,444,66.56756756756756
2012,6,2012-06,Friday,27898,438,63.694063926940636
2012,6,2012-06,Monday,24340,375,64.90666666666667
2012,6,2012-06,Saturday,28091,437,64.28146453089245
2012,6,2012-06,Sunday,22241,340,65.41470588235295
2012,6,2012-06,Thursday,22947,355,64.63943661971831
2012,6,2012-06,Tuesday,22797,347,65.69740634005764
2012,6,2012-06,Wednesday,24619,382,64.44764397905759
2012,7,2012-07,Friday,20681,325,63.63384615384616
2012,7,2012-07,Monday,27313,426,64.1150234741784
2012,7,2012-07,Saturday,23504,360,65.28888888888889
2012,7,2012-07,Sunday,27573,420,65.65
2012,7,2012-07,Thursday,23806,373,63.8230563002681
2012,7,2012-07,Tuesday,30597,476,64.27941176470588
2012,7,2012-07,Wednesday,25490,391,65.1918158567775
2012,8,2012-08,Friday,29952,463,64.69114470842332
2012,8,2012-08,Monday,23060,349,66.07449856733524
2012,8,2012-08,Saturday,21805,341,63.94428152492669
2012,8,2012-08,Sunday,23252,360,64.58888888888889
2012,8,2012-08,Thursday,28692,445,64.47640449438202
2012,8,2012-08,Tuesday,25270,386,65.46632124352331
2012,8,2012-08,Wednesday,27133,420,64.60238095238095
2012,9,2012-09,Friday,22936,353,64.97450424929178
2012,9,2012-09,Monday,25392,396,64.12121212121212
2012,9,2012-09,Saturday,28773,453,63.51655629139073
2012,9,2012-09,Sunday,27351,423,64.65957446808511
2012,9,2012-09,Thursday,21775,323,67.41486068111455
2012,9,2012-09,Tuesday,23126,354,65.32768361581921
2012,9,2012-09,Wednesday,25393,388,65.44587628865979
2012,10,2012-10,Friday,21546,337,63.93471810089021
2012,10,2012-10,Monday,29077,451,64.47228381374723
2012,10,2012-10,Saturday,22863,354,64.58474576271186
2012,10,2012-10,Sunday,24547,372,65.98655913978494
2012,10,2012-10,Thursday,21655,339,63.87905604719764
2012,10,2012-10,Tuesday,30611,464,65.97198275862068
2012,10,2012-10,Wednesday,31322,484,64.71487603305785
2012,11,2012-11,Friday,29622,460,64.39565217391305
2012,11,2012-11,Monday,25062,370,67.73513513513514
2012,11,2012-11,Saturday,26648,396,67.29292929292929
2012,11,2012-11,Sunday,22463,327,68.69418960244649
2012,11,2012-11,Thursday,30174,445,67.8067415730337
2012,11,2012-11,Tuesday,22176,340,65.2235294117647
2012,11,2012-11,Wednesday,22853,360,63.480555555555554
2012,12,2012-12,Friday,23484,357,65.78151260504201
2012,12,2012-12,Monday,27226,421,64.66983372921615
2012,12,2012-12,Saturday,28691,450,63.757777777777775
2012,12,2012-12,Sunday,27148,423,64.17966903073287
2012,12,2012-12,Thursday,23870,365,65.3972602739726
2012,12,2012-12,Tuesday,21023,321,65.49221183800623
2012,12,2012-12,Wednesday,22215,346,64.20520231213872
2013,1,2013-01,Friday,23179,366,63.330601092896174
2013,1,2013-01,Monday,21574,352,61.28977272727273
2013,1,2013-01,Saturday,25603,399,64.16791979949875
2013,1,2013-01,Sunday,23748,362,65.60220994475138
2013,1,2013-01,Thursday,27863,429,64.94871794871794
2013,1,2013-01,Tuesday,29988,462,64.9090909090909
2013,1,2013-01,Wednesday,29774,451,66.01773835920177
2013,2,2013-02,Friday,24236,376,64.45744680851064
2013,2,2013-02,Monday,22969,354,64.88418079096046
2013,2,2013-02,Saturday,23819,367,64.90190735694823
2013,2,2013-02,Sunday,22539,347,64.95389048991355
2013,2,2013-02,Thursday,21430,329,65.13677811550151
2013,2,2013-02,Tuesday,22256,343,64.8862973760933
2013,2,2013-02,Wednesday,22984,360,63.84444444444444
2013,3,2013-03,Friday,29856,464,64.34482758620689
2013,3,2013-03,Monday,25098,394,63.7005076142132
2013,3,2013-03,Saturday,27625,418,66.08851674641149
2013,3,2013-03,Sunday,29747,460,64.66739130434783
2013,3,2013-03,Thursday,23425,358,65.43296089385476
2013,3,2013-03,Tuesday,22969,351,65.43874643874643
2013,3,2013-03,Wednesday,22669,352,64.40056818181819
2013,4,2013-04,Friday,25524,396,64.45454545454545
2013,4,2013-04,Monday,27592,415,66.4867469879518
2013,4,2013-04,Saturday,24269,376,64.54521276595744
2013,4,2013-04,Sunday,21122,321,65.80062305295951
2013,4,2013-04,Thursday,22575,353,63.95184135977337
2013,4,2013-04,Tuesday,29695,464,63.997844827586206
2013,4,2013-04,Wednesday,22865,350,65.32857142857142
2013,5,2013-05,Friday,29495,449,65.69042316258351
2013,5,2013-05,Monday,21303,333,63.972972972972975
2013,5,2013-05,Saturday,25305,374,67.66042780748663
2013,5,2013-05,Sunday,25213,391,64.48337595907928
2013,5,2013-05,Thursday,28283,436,64.86926605504587
2013,5,2013-05,Tuesday,24303,381,63.78740157480315
2013,5,2013-05,Wednesday,31924,499,63.97595190380761
2013,6,2013-06,Friday,23052,348,66.24137931034483
2013,6,2013-06,Monday,24860,391,63.58056265984655
2013,6,2013-06,Saturday,30243,472,64.07415254237289
2013,6,2013-06,Sunday,28864,441,65.45124716553288
2013,6,2013-06,Thursday,22758,349,65.20916905444126
2013,6,2013-06,Tuesday,23612,372,63.473118279569896
2013,6,2013-06,Wednesday,23424,360,65.06666666666666
2013,7,2013-07,Friday,22127,333,66.44744744744744
2013,7,2013-07,Monday,32663,498,65.58835341365462
2013,7,2013-07,Saturday,22036,346,63.6878612716763
2013,7,2013-07,Sunday,22251,345,64.49565217391304
2013,7,2013-07,Thursday,23881,374,63.85294117647059
2013,7,2013-07,Tuesday,29020,450,64.4888888888889
2013,7,2013-07,Wednesday,28989,445,65.14382022471911
2013,8,2013-08,Friday,27840,427,65.19906323185012
2013,8,2013-08,Monday,23915,361,66.24653739612188
2013,8,2013-08,Saturday,30445,478,63.69246861924686
2013,8,2013-08,Sunday,21934,337,65.0860534124629
2013,8,2013-08,Thursday,29695,456,65.12061403508773
2013,8,2013-08,Tuesday,22240,338,65.79881656804734
2013,8,2013-08,Wednesday,23962,362,66.19337016574586
2013,9,2013-09,Friday,20833,319,65.30721003134796
2013,9,2013-09,Monday,29247,444,65.87162162162163
2013,9,2013-09,Saturday,25700,390,65.8974358974359
2013,9,2013-09,Sunday,30114,477,63.132075471698116
2013,9,2013-09,Thursday,24037,363,66.21763085399449
2013,9,2013-09,Tuesday,24434,377,64.81167108753316
2013,9,2013-09,Wednesday,22465,344,65.30523255813954
2013,10,2013-10,Friday,24314,366,66.43169398907104
2013,10,2013-10,Monday,23759,369,64.38753387533875
2013,10,2013-10,Saturday,23340,354,65.9322033898305
2013,10,2013-10,Sunday,24749,377,65.64721485411141
2013,10,2013-10,Thursday,28319,442,64.07013574660634
2013,10,2013-10,Tuesday,29959,456,65.69956140350877
2013,10,2013-10,Wednesday,27081,412,65.73058252427184
2013,11,2013-11,Friday,30499,453,67.32671081677704
2013,11,2013-11,Monday,21934,342,64.13450292397661
2013,11,2013-11,Saturday,30401,453,67.1103752759382
2013,11,2013-11,Sunday,25037,375,66.76533333333333
2013,11,2013-11,Thursday,22498,352,63.91477272727273
2013,11,2013-11,Tuesday,23787,373,63.77211796246649
2013,11,2013-11,Wednesday,23185,366,63.34699453551912
2013,12,2013-12,Friday,25856,397,65.12846347607054
2013,12,2013-12,Monday,29687,449,66.11804008908686
2013,12,2013-12,Saturday,24477,377,64.92572944297082
2013,12,2013-12,Sunday,26100,398,65.57788944723617
2013,12,2013-12,Thursday,24254,374,64.85026737967914
2013,12,2013-12,Tuesday,27827,434,64.11751152073732
2013,12,2013-12,Wednesday,22601,351,64.3903133903134
2014,1,2014-01,Friday,25826,396,65.21717171717172
2014,1,2014-01,Monday,24474,387,63.24031007751938
2014,1,2014-01,Saturday,24882,377,66.0
2014,1,2014-01,Sunday,23735,357,66.48459383753502
2014,1,2014-01,Thursday,30839,473,65.19873150105708
2014,1,2014-01,Tuesday,23359,361,64.70637119113573
2014,1,2014-01,Wednesday,31439,485,64.82268041237113
2014,2,2014-02,Friday,22148,340,65.14117647058823
2014,2,2014-02,Monday,20914,325,64.35076923076923
2014,2,2014-02,Saturday,20454,319,64.11912225705329
2014,2,2014-02,Sunday,23637,361,65.4764542936288
2014,2,2014-02,Thursday,21718,325,66.82461538461538
2014,2,2014-02,Tuesday,23188,359,64.59052924791087
2014,2,2014-02,Wednesday,22092,346,63.84971098265896
2014,3,2014-03,Friday,20561,313,65.69009584664536
2014,3,2014-03,Monday,28804,439,65.6127562642369
2014,3,2014-03,Saturday,29763,453,65.70198675496688
2014,3,2014-03,Sunday,26321,418,62.9688995215311
2014,3,2014-03,Thursday,23806,369,64.51490514905149
2014,3,2014-03,Tuesday,25250,371,68.05929919137466
2014,3,2014-03,Wednesday,25224,394,64.02030456852792
2014,4,2014-04,Friday,22252,343,64.87463556851311
2014,4,2014-04,Monday,21373,322,66.37577639751552
2014,4,2014-04,Saturday,22656,352,64.36363636363636
2014,4,2014-04,Sunday,23538,361,65.202216066482
2014,4,2014-04,Thursday,22723,359,63.29526462395543
2014,4,2014-04,Tuesday,31771,485,65.50721649484537
2014,4,2014-04,Wednesday,29836,464,64.30172413793103
2014,5,2014-05,Friday,25907,399,64.9298245614035
2014,5,2014-05,Monday,20251,321,63.087227414330215
2014,5,2014-05,Saturday,26231,401,65.4139650872818
2014,5,2014-05,Sunday,24230,372,65.13440860215054
2014,5,2014-05,Thursday,27300,420,65.0
2014,5,2014-05,Tuesday,24023,369,65.1029810298103
2014,5,2014-05,Wednesday,21613,330,65.4939393939394
2014,6,2014-06,Friday,22138,344,64.3546511627907
2014,6,2014-06,Monday,28960,452,64.070796460177
2014,6,2014-06,Saturday,23054,348,66.24712643678161
2014,6,2014-06,Sunday,33281,509,65.38506876227898
2014,6,2014-06,Thursday,24034,359,66.94707520891365
2014,6,2014-06,Tuesday,20091,304,66.08881578947368
2014,6,2014-06,Wednesday,21183,326,64.97852760736197
2014,7,2014-07,Friday,23089,357,64.6750700280112
2014,7,2014-07,Monday,21366,321,66.5607476635514
2014,7,2014-07,Saturday,23569,352,66.95738636363636
2014,7,2014-07,Sunday,24089,374,64.4090909090909
2014,7,2014-07,Thursday,26789,409,65.49877750611248
2014,7,2014-07,Tuesday,28485,447,63.7248322147651
2014,7,2014-07,Wednesday,31639,485,65.23505154639176
2014,8,2014-08,Friday,27474,423,64.95035460992908
2014,8,2014-08,Monday,22519,344,65.46220930232558
2014,8,2014-08,Saturday,27411,428,64.04439252336448
2014,8,2014-08,Sunday,30829,474,65.04008438818565
2014,8,2014-08,Thursday,26163,397,65.90176322418137
2014,8,2014-08,Tuesday,19341,301,64.25581395348837
2014,8,2014-08,Wednesday,25238,392,64.38265306122449
2014,9,2014-09,Friday,23164,349,66.37249283667622
2014,9,2014-09,Monday,30619,473,64.73361522198732
2014,9,2014-09,Saturday,21191,334,63.446107784431135
2014,9,2014-09,Sunday,25680,394,65.17766497461929
2014,9,2014-09,Thursday,21882,331,66.10876132930514
2014,9,2014-09,Tuesday,28741,443,64.87810383747178
2014,9,2014-09,Wednesday,22108,351,62.98575498575499
2014,10,2014-10,Friday,28189,430,65.55581395348837
2014,10,2014-10,Monday,22904,344,66.5813953488372
2014,10,2014-10,Saturday,23372,356,65.65168539325843
2014,10,2014-10,Sunday,23138,358,64.63128491620111
2014,10,2014-10,Thursday,31495,474,66.44514767932489
2014,10,2014-10,Tuesday,22119,355,62.307042253521125
2014,10,2014-10,Wednesday,28086,443,63.39954853273138
2014,11,2014-11,Friday,22802,348,65.52298850574712
2014,11,2014-11,Monday,23614,363,65.05234159779614
2014,11,2014-11,Saturday,28654,439,65.27107061503416
2014,11,2014-11,Sunday,29944,466,64.25751072961373
2014,11,2014-11,Thursday,21732,334,65.06586826347305
2014,11,2014-11,Tuesday,23297,366,63.65300546448088
2014,11,2014-11,Wednesday,24812,373,66.5201072386059
2014,12,2014-12,Friday,20895,322,64.8913043478261
2014,12,2014-12,Monday,26671,417,63.959232613908874
2014,12,2014-12,Saturday,26512,406,65.30049261083744
2014,12,2014-12,Sunday,20217,313,64.59105431309904
2014,12,2014-12,Thursday,23486,373,62.96514745308311
2014,12,2014-12,Tuesday,27914,434,64.31797235023042
2014,12,2014-12,Wednesday,28245,423,66.77304964539007
2015,1,2015-01,Friday,32697,496,65.92137096774194
2015,1,2015-01,Monday,24494,363,67.47658402203857
2015,1,2015-01,Saturday,24630,370,66.56756756756756
2015,1,2015-01,Sunday,21342,327,65.26605504587155
2015,1,2015-01,Thursday,28249,442,63.911764705882355
2015,1,2015-01,Tuesday,24249,372,65.18548387096774
2015,1,2015-01,Wednesday,24176,381,63.45406824146982
2015,2,2015-02,Friday,23813,366,65.06284153005464
2015,2,2015-02,Monday,22991,345,66.64057971014493
2015,2,2015-02,Saturday,22457,349,64.34670487106017
2015,2,2015-02,Sunday,22724,356,63.831460674157306
2015,2,2015-02,Thursday,23435,359,65.27855153203343
2015,2,2015-02,Tuesday,24501,375,65.336
2015,2,2015-02,Wednesday,20548,316,65.0253164556962
2015,3,2015-03,Friday,12157,194,62.66494845360825
2015,3,2015-03,Monday,18950,291,65.12027491408935
2015,3,2015-03,Saturday,10984,172,63.86046511627907
2015,3,2015-03,Sunday,16720,251,66.61354581673307
2015,3,2015-03,Thursday,11478,174,65.96551724137932
2015,3,2015-03,Tuesday,12549,196,64.02551020408163
2015,3,2015-03,Wednesday,11991,175,68.52
